City_ID,City,Country,Date,Lat,Lng,Max Temp,Humidity,Cloudiness,Wind Speed
0,Ushuaia,AR,2022-07-13 20:25:06,-54.8,-68.3,37.06,56,75,8.05
1,Makakilo City,US,2022-07-13 20:29:22,21.3469,-158.0858,84.52,61,40,14.97
2,Jacareacanga,BR,2022-07-13 20:29:22,-6.2222,-57.7528,95.65,27,76,3.74
3,Mataura,NZ,2022-07-13 20:27:59,-46.1927,168.8643,42.48,98,100,3.94
4,Cerritos,US,2022-07-13 20:28:30,33.8583,-118.0648,95.49,60,0,9.22
5,Tautira,PF,2022-07-13 20:29:23,-17.7333,-149.15,76.69,71,56,13.38
6,Dingle,PH,2022-07-13 20:29:23,10.9995,122.6711,75.56,92,20,1.43
7,Kavieng,PG,2022-07-13 20:29:24,-2.5744,150.7967,81.0,76,100,5.55
8,Kisangani,CD,2022-07-13 20:29:24,0.5167,25.2,73.0,79,86,2.21
9,Sola,VU,2022-07-13 20:29:25,-13.8833,167.55,80.46,68,9,6.78
10,Avarua,CK,2022-07-13 20:27:43,-21.2078,-159.775,75.25,60,75,11.5
11,Shenjiamen,CN,2022-07-13 20:29:25,29.9576,122.298,78.71,84,100,17.83
12,Bredasdorp,ZA,2022-07-13 20:29:26,-34.5322,20.0403,59.02,69,100,19.1
13,Esperance,AU,2022-07-13 20:29:26,-33.8667,121.9,57.09,49,44,22.15
14,Puerto Ayora,EC,2022-07-13 20:29:27,-0.7393,-90.3518,75.16,83,37,5.99
15,Yellowknife,CA,2022-07-13 20:29:27,62.456,-114.3525,70.32,56,75,9.22
16,Altamont,US,2022-07-13 20:29:27,42.2068,-121.7372,86.9,29,0,3.0
17,Hilo,US,2022-07-13 20:29:21,19.7297,-155.09,80.28,94,100,10.36
18,Sioux Lookout,CA,2022-07-13 20:25:00,50.1001,-91.917,75.27,43,40,5.75
19,Lokhvytsya,UA,2022-07-13 20:29:28,50.3678,33.2602,56.97,96,99,13.18
20,Meulaboh,ID,2022-07-13 20:29:28,4.1363,96.1285,77.11,91,97,6.67
21,Salalah,OM,2022-07-13 20:28:31,17.0151,54.0924,77.09,100,40,4.61
22,Kysyl-Syr,RU,2022-07-13 20:29:28,63.8986,122.7617,61.79,94,59,1.68
23,Washington,US,2022-07-13 20:29:29,47.5001,-120.5015,86.49,25,49,6.76
24,Fairbanks,US,2022-07-13 20:25:43,64.8378,-147.7164,60.49,76,75,5.75
25,Xining,CN,2022-07-13 20:29:29,36.6167,101.7667,64.65,64,100,0.98
26,Flinders,AU,2022-07-13 20:29:30,-34.5833,150.8552,53.19,69,68,14.0
27,Port Blair,IN,2022-07-13 20:29:30,11.6667,92.75,82.44,83,75,8.05
28,Port Moresby,PG,2022-07-13 20:29:30,-9.4431,147.1797,74.62,88,100,11.5
29,Mahebourg,MU,2022-07-13 20:29:31,-20.4081,57.7,67.24,88,75,3.44
30,Sisimiut,GL,2022-07-13 20:29:31,66.9395,-53.6735,45.63,83,62,6.55
31,Nikolskoye,RU,2022-07-13 20:28:13,59.7035,30.7861,62.49,74,8,4.88
32,Atuona,PF,2022-07-13 20:29:31,-9.8,-139.0333,78.17,71,47,19.89
33,Saint-Philippe,RE,2022-07-13 20:29:32,-21.3585,55.7679,67.59,73,52,9.82
34,Lasa,IT,2022-07-13 20:29:32,46.6166,10.7002,76.08,75,69,0.51
35,Bitung,ID,2022-07-13 20:29:33,1.4451,125.1824,76.05,88,100,7.94
36,Kaitangata,NZ,2022-07-13 20:29:33,-46.2817,169.8464,43.74,92,100,9.13
37,Cherskiy,RU,2022-07-13 20:29:34,68.75,161.3,47.71,52,79,12.93
38,Cidreira,BR,2022-07-13 20:28:31,-30.1811,-50.2056,56.64,72,0,17.07
39,Hermanus,ZA,2022-07-13 20:29:12,-34.4187,19.2345,61.81,82,100,20.24
40,Cartagena Del Chaira,CO,2022-07-13 20:29:34,1.3349,-74.8429,85.17,61,98,3.65
41,Gat,IL,2022-07-13 20:27:04,31.61,34.7642,78.82,100,0,2.64
42,Kruisfontein,ZA,2022-07-13 20:29:35,-34.0033,24.7314,47.88,81,0,8.7
43,Lebu,CL,2022-07-13 20:29:35,-37.6167,-73.65,45.68,82,100,0.29
44,Mugur-Aksy,RU,2022-07-13 20:29:35,50.35,90.5,41.95,84,35,2.59
45,Juneau,US,2022-07-13 20:28:14,58.3019,-134.4197,57.85,96,100,10.36
46,Jamestown,US,2022-07-13 20:30:36,42.097,-79.2353,79.02,53,20,11.5
47,Punta Arenas,CL,2022-07-13 20:29:34,-53.15,-70.9167,39.31,81,40,19.57
48,Bluff,NZ,2022-07-13 20:28:01,-46.6,168.3333,42.8,79,100,11.86
49,Progreso,MX,2022-07-13 20:30:37,21.2833,-89.6667,93.31,70,100,15.9
50,Bambous Virieux,MU,2022-07-13 20:30:37,-20.3428,57.7575,67.21,88,75,3.44
51,Ponta Do Sol,PT,2022-07-13 20:30:38,32.6667,-17.1,72.01,76,10,4.25
52,Tuktoyaktuk,CA,2022-07-13 20:30:38,69.4541,-133.0374,41.0,93,100,12.66
53,Rikitea,PF,2022-07-13 20:29:05,-23.1203,-134.9692,73.26,76,81,4.38
54,Valparaiso,CL,2022-07-13 20:30:38,-33.0393,-71.6273,55.04,88,100,17.27
55,Odweyne,SO,2022-07-13 20:30:40,9.4092,45.064,79.52,36,100,14.52
56,Ahipara,NZ,2022-07-13 20:30:40,-35.1667,173.1667,55.29,96,100,4.94
57,Simoes,BR,2022-07-13 20:30:40,-7.5989,-40.8178,77.09,59,82,8.93
58,Komsomolskiy,UZ,2022-07-13 20:30:41,40.4272,71.7189,72.32,53,0,9.22
59,Yagoua,CM,2022-07-13 20:30:41,10.3411,15.2329,75.16,80,100,3.91
60,Albany,US,2022-07-13 20:30:09,42.6001,-73.9662,85.78,43,68,5.12
61,Kang,BW,2022-07-13 20:30:42,-23.6752,22.7876,58.3,38,4,3.8
62,Thompson,CA,2022-07-13 20:25:51,55.7435,-97.8558,80.76,34,20,9.22
63,Ozark,US,2022-07-13 20:30:10,37.0209,-93.206,94.96,30,11,1.99
64,Kirakira,SB,2022-07-13 20:30:42,-10.4544,161.9205,79.14,71,19,3.29
65,Obo,CF,2022-07-13 20:30:42,5.3998,26.4869,69.28,97,100,1.74
66,Jawhar,SO,2022-07-13 20:30:43,2.7809,45.5005,75.51,84,100,16.73
67,Quatre Cocos,MU,2022-07-13 20:30:43,-20.2078,57.7625,67.08,81,77,15.35
68,Gayduk,RU,2022-07-13 20:30:44,44.7849,37.7005,63.88,75,37,3.2
69,Hofn,IS,2022-07-13 20:29:19,64.2539,-15.2082,51.03,83,14,11.3
70,Capitan Bado,PY,2022-07-13 20:30:44,-23.2667,-55.5333,68.76,66,66,9.15
71,Ancud,CL,2022-07-13 20:28:05,-41.8697,-73.8203,42.22,79,85,10.0
72,Carnarvon,AU,2022-07-13 20:30:45,-24.8667,113.6333,55.47,94,18,5.75
73,Castro,BR,2022-07-13 20:30:45,-24.7911,-50.0119,54.64,93,100,9.37
74,Billerbeck,DE,2022-07-13 20:30:45,51.9667,7.3,71.28,82,97,7.9
75,Cabinda,AO,2022-07-13 20:30:46,-5.55,12.2,70.27,87,2,6.89
76,Fortuna,US,2022-07-13 20:30:46,40.5982,-124.1573,66.92,73,75,4.0
77,East London,ZA,2022-07-13 20:28:13,-33.0153,27.9116,60.78,72,0,7.05
78,La Ronge,CA,2022-07-13 20:30:46,55.1001,-105.2842,88.02,30,20,17.27
79,Busselton,AU,2022-07-13 20:29:11,-33.65,115.3333,59.41,74,0,13.06
80,Tete,MZ,2022-07-13 20:30:47,-16.1564,33.5867,75.29,53,75,10.36
81,Oranjestad,AW,2022-07-13 20:30:47,12.524,-70.027,84.15,74,75,16.11
82,Sochaczew,PL,2022-07-13 20:30:47,52.2294,20.2384,72.19,68,86,7.52
83,Mount Gambier,AU,2022-07-13 20:30:48,-37.8333,140.7667,44.51,100,100,6.91
84,Shache,CN,2022-07-13 20:30:48,38.4167,77.2406,70.12,38,100,5.46
85,Bocaiuva,BR,2022-07-13 20:30:49,-17.1078,-43.815,78.51,37,43,7.27
86,Lisala,CD,2022-07-13 20:30:49,2.15,21.5167,71.73,91,100,1.57
87,Waidhofen,DE,2022-07-13 20:30:49,48.5833,11.3333,72.21,52,75,0.0
88,Abu Samrah,SY,2022-07-13 20:30:50,35.3029,37.1841,75.54,59,0,9.73
89,Pangnirtung,CA,2022-07-13 20:30:50,66.1451,-65.7125,46.4,87,75,14.97
90,Seoul,KR,2022-07-13 20:30:06,37.5683,126.9778,74.59,100,75,1.14
91,Hobart,AU,2022-07-13 20:29:18,-42.8794,147.3294,39.06,93,20,4.61
92,Marawi,PH,2022-07-13 20:30:51,7.9986,124.2928,67.66,93,29,1.95
93,Khatanga,RU,2022-07-13 20:31:51,71.9667,102.5,43.38,82,100,9.13
94,Champua,IN,2022-07-13 20:31:52,22.0833,85.6667,76.89,94,74,11.32
95,Chokurdakh,RU,2022-07-13 20:31:52,70.6333,147.9167,43.45,71,73,12.57
96,Moree,AU,2022-07-13 20:31:52,-29.4667,149.85,38.73,89,0,13.11
97,Port Alfred,ZA,2022-07-13 20:31:52,-33.5906,26.891,56.86,81,0,10.38
98,Barrow,US,2022-07-13 20:31:53,71.2906,-156.7887,42.82,70,0,12.66
99,Kapaa,US,2022-07-13 20:31:53,22.0752,-159.319,82.72,73,75,17.27
100,La Rioja,ES,2022-07-13 20:30:11,42.25,-2.5,76.78,26,10,7.29
101,Nanortalik,GL,2022-07-13 20:31:41,60.1432,-45.2371,44.46,83,100,2.53
102,Floro,NO,2022-07-13 20:31:54,61.5996,5.0328,55.24,94,75,12.66
103,Mount Isa,AU,2022-07-13 20:31:54,-20.7333,139.5,49.77,53,0,11.5
104,Bethel,US,2022-07-13 20:31:56,41.3712,-73.414,90.73,49,20,9.22
105,Axim,GH,2022-07-13 20:31:56,4.8699,-2.2405,75.24,86,100,7.65
106,Kempsey,AU,2022-07-13 20:31:56,-31.0833,152.8333,48.87,87,60,9.55
107,Qaqortoq,GL,2022-07-13 20:29:11,60.7167,-46.0333,45.84,78,100,6.22
108,Safaga,EG,2022-07-13 20:31:57,26.7292,33.9365,89.76,31,99,17.78
109,San Felipe,VE,2022-07-13 20:31:57,10.3399,-68.7425,79.38,80,73,8.75
110,Leiyang,CN,2022-07-13 20:31:57,26.4024,112.8591,78.91,84,100,4.99
111,Aloleng,PH,2022-07-13 20:31:58,16.1307,119.7824,80.33,84,100,10.45
112,Norman Wells,CA,2022-07-13 20:31:58,65.282,-126.8329,53.64,94,100,10.36
113,Souillac,MU,2022-07-13 20:31:58,-20.5167,57.5167,66.58,88,75,3.44
114,Taltal,CL,2022-07-13 20:31:59,-25.4,-70.4833,56.79,80,91,5.77
115,Samarai,PG,2022-07-13 20:31:59,-10.6167,150.6667,77.61,83,100,19.53
116,Taoudenni,ML,2022-07-13 20:32:00,22.6783,-3.9836,106.9,10,71,6.67
117,Krasnokamensk,RU,2022-07-13 20:32:00,50.0979,118.0369,58.78,96,100,6.15
118,Znamenskoye,RU,2022-07-13 20:32:00,57.1281,73.8282,53.69,96,37,3.53
119,Acton Vale,CA,2022-07-13 20:28:12,45.6501,-72.5658,78.89,58,29,1.01
120,Rodrigues Alves,BR,2022-07-13 20:30:34,-7.738,-72.6509,88.0,68,95,2.3
121,Hithadhoo,MV,2022-07-13 20:32:01,-0.6,73.0833,83.55,73,96,13.44
122,Inirida,CO,2022-07-13 20:32:01,3.8653,-67.9239,78.84,95,88,2.93
123,Comodoro Rivadavia,AR,2022-07-13 20:30:20,-45.8667,-67.5,44.46,57,0,6.91
124,Bonthe,SL,2022-07-13 20:32:02,7.5264,-12.505,76.19,89,92,7.94
125,Iqaluit,CA,2022-07-13 20:32:02,63.7506,-68.5145,46.13,76,75,8.05
126,Longyearbyen,SJ,2022-07-13 20:32:03,78.2186,15.6401,49.84,93,75,5.75
127,Muisne,EC,2022-07-13 20:32:03,0.6,-80.0333,76.03,84,95,13.35
128,Camana,PE,2022-07-13 20:32:03,-16.6228,-72.7111,62.55,75,20,5.84
129,Port-Cartier,CA,2022-07-13 20:29:19,50.0334,-66.8654,71.82,57,94,6.64
130,Anadyr,RU,2022-07-13 20:29:21,64.75,177.4833,54.1,93,75,6.71
131,Mayo,US,2022-07-13 20:29:53,38.8876,-76.5119,92.39,65,56,3.0
132,Ilulissat,GL,2022-07-13 20:32:04,69.2167,-51.1,48.22,71,75,5.75
133,Butaritari,KI,2022-07-13 20:28:02,3.0707,172.7902,82.69,76,86,17.56
134,La Macarena,CO,2022-07-13 20:32:04,2.1837,-73.7849,81.95,70,86,6.31
135,Nyurba,RU,2022-07-13 20:32:05,63.2842,118.3319,57.34,81,100,2.57
136,Hamilton,US,2022-07-13 20:28:23,39.1834,-84.5333,88.88,44,40,12.66
137,Rudbar,AF,2022-07-13 20:32:05,30.15,62.6,86.63,19,0,14.97
138,Cumra,TR,2022-07-13 20:32:06,37.5732,32.7745,71.74,36,1,5.01
139,Alice Springs,AU,2022-07-13 20:33:06,-23.7,133.8833,27.95,86,0,4.61
140,Ajdabiya,LY,2022-07-13 20:33:06,30.7554,20.2263,78.71,53,0,15.37
141,Ullapool,GB,2022-07-13 20:33:07,57.8987,-5.1604,53.35,92,98,12.5
142,Sorland,NO,2022-07-13 20:33:07,67.667,12.6934,53.46,88,100,7.52
143,Dwarka,IN,2022-07-13 20:33:07,22.2394,68.9678,82.24,87,62,14.79
144,Victoria,HK,2022-07-13 20:29:01,22.2855,114.1577,85.32,83,70,1.99
145,Pacific Grove,US,2022-07-13 20:28:28,36.6177,-121.9166,75.81,73,0,11.5
146,Montpellier,FR,2022-07-13 20:31:03,43.6109,3.8772,75.56,83,0,3.44
147,Beringovskiy,RU,2022-07-13 20:33:08,63.05,179.3167,51.06,86,100,7.94
148,Huescar,ES,2022-07-13 20:33:09,37.811,-2.5412,79.12,27,0,3.6
149,Karratha,AU,2022-07-13 20:29:22,-20.7377,116.8463,64.38,57,32,9.17
150,Hervey Bay,AU,2022-07-13 20:33:09,-25.2986,152.8535,51.62,68,0,19.77
151,Mar Del Plata,AR,2022-07-13 20:33:10,-38.0023,-57.5575,57.22,61,0,11.01
152,Henties Bay,NA,2022-07-13 20:33:10,-22.116,14.2845,56.05,88,0,10.0
153,Mandalgovi,MN,2022-07-13 20:33:10,45.7625,106.2708,65.71,41,100,9.19
154,Kodiak,US,2022-07-13 20:33:11,57.79,-152.4072,58.51,77,100,8.05
155,Gushikawa,JP,2022-07-13 20:33:11,26.3544,127.8686,81.63,83,100,8.01
156,Maubin,MM,2022-07-13 20:33:11,16.7333,95.65,75.88,95,100,4.68
157,Jambi,ID,2022-07-13 20:29:24,-1.6,103.6167,73.65,98,79,2.28
158,Sept-Iles,CA,2022-07-13 20:30:12,50.2001,-66.3821,72.12,57,75,12.66
159,Roura,GF,2022-07-13 20:33:12,4.7263,-52.3274,84.11,74,75,5.75
160,Bengkulu,ID,2022-07-13 20:33:12,-3.8004,102.2655,76.48,90,100,3.15
161,Dikson,RU,2022-07-13 20:33:13,73.5069,80.5464,43.16,75,100,10.09
162,Malanje,AO,2022-07-13 20:33:13,-9.5402,16.341,66.72,28,0,3.65
163,Oistins,BB,2022-07-13 20:33:13,13.0667,-59.5333,86.09,62,20,19.57
164,Muzhi,RU,2022-07-13 20:33:14,65.3667,64.6667,63.7,90,77,5.48
165,Coolum Beach,AU,2022-07-13 20:33:15,-26.5333,153.1,52.11,69,0,13.87
166,Sakakah,SA,2022-07-13 20:33:15,29.9697,40.2064,96.37,19,0,15.48
167,Vaini,TO,2022-07-13 20:29:08,-21.2,-175.2,77.16,88,40,13.8
168,Deniliquin,AU,2022-07-13 20:33:16,-35.5333,144.9667,37.06,90,0,7.94
169,Vanimo,PG,2022-07-13 20:33:16,-2.6741,141.3028,76.39,89,35,1.16
170,Tura,IN,2022-07-13 20:33:17,25.5198,90.2201,75.04,98,89,1.77
171,Korcula,HR,2022-07-13 20:33:17,42.9622,17.1369,75.42,61,0,5.3
172,Teya,RU,2022-07-13 20:33:17,60.3778,92.6267,46.94,83,98,2.17
173,Cape Town,ZA,2022-07-13 20:30:38,-33.9258,18.4232,56.88,93,75,16.11
174,Oytal,KZ,2022-07-13 20:33:18,42.9057,73.2697,67.3,47,0,4.79
175,Guerrero Negro,MX,2022-07-13 20:33:18,27.9769,-114.0611,75.16,58,8,16.44
176,Fort Nelson,CA,2022-07-13 20:33:18,58.8053,-122.7002,62.19,48,75,3.44
177,Trelew,AR,2022-07-13 20:33:20,-43.249,-65.3051,45.61,34,33,6.17
178,Sao Felix Do Xingu,BR,2022-07-13 20:32:02,-6.6447,-51.995,86.0,39,77,0.76
179,Cabo San Lucas,MX,2022-07-13 20:32:59,22.8909,-109.9124,91.71,48,0,6.91
180,Bereda,ES,2022-07-13 20:33:21,43.2686,-7.5406,77.14,81,98,1.05
181,Loanda,AO,2022-07-13 20:31:22,-8.8368,13.2343,71.6,83,0,8.05
182,Geraldton,AU,2022-07-13 20:31:08,-28.7667,114.6,57.61,94,4,10.36
183,Codrington,AU,2022-07-13 20:33:21,-38.2667,141.9667,44.74,87,61,6.2
184,San Jeronimito,MX,2022-07-13 20:34:22,17.55,-101.3333,87.64,62,75,9.22
185,Batemans Bay,AU,2022-07-13 20:34:22,-35.7167,150.1833,52.11,64,92,11.12
186,Kagadi,UG,2022-07-13 20:34:22,0.9606,30.7967,68.86,58,90,3.85
187,Naze,JP,2022-07-13 20:34:23,28.3667,129.4833,76.12,88,98,9.01
188,New Norfolk,AU,2022-07-13 20:34:23,-42.7826,147.0587,38.71,87,67,2.84
189,Yarovoye,RU,2022-07-13 20:34:23,52.9273,78.58,58.1,89,100,4.9
190,Dakoro,NE,2022-07-13 20:34:24,14.5106,6.765,88.95,47,33,22.57
191,Armacao De Pera,PT,2022-07-13 20:34:24,37.1026,-8.357,84.11,72,17,3.74
192,Mpanda,TZ,2022-07-13 20:34:24,-6.3655,31.0409,66.4,49,33,1.1
193,Cayenne,GF,2022-07-13 20:30:05,4.9333,-52.3333,84.24,74,75,5.75
194,Cocoa Beach,US,2022-07-13 20:34:25,28.32,-80.6076,95.09,66,15,16.28
195,Grand Gaube,MU,2022-07-13 20:34:25,-20.0064,57.6608,67.37,79,89,10.0
196,Saldanha,ZA,2022-07-13 20:31:53,-33.0117,17.9442,55.45,88,100,10.85
197,Kahului,US,2022-07-13 20:31:13,20.8947,-156.47,82.42,79,40,17.27
198,Alyangula,AU,2022-07-13 20:34:26,-13.8483,136.4192,67.37,57,66,17.0
199,Ariquemes,BR,2022-07-13 20:34:26,-9.9133,-63.0408,91.89,35,64,0.89
200,Jibuti,DJ,2022-07-13 20:34:27,11.5,42.5,89.31,40,75,6.6
201,Havoysund,NO,2022-07-13 20:34:27,70.9963,24.6622,59.23,91,100,4.32
202,Sao Filipe,CV,2022-07-13 20:33:11,14.8961,-24.4956,75.27,78,62,11.43
203,Baruun-Urt,MN,2022-07-13 20:30:35,46.6806,113.2792,59.65,59,3,5.12
204,Faya,SA,2022-07-13 20:34:12,18.3851,42.4509,64.51,57,98,4.88
205,Alexandria,EG,2022-07-13 20:33:54,31.2156,29.9553,76.96,65,40,17.27
206,Kavaratti,IN,2022-07-13 20:34:28,10.5669,72.642,81.18,81,100,21.77
207,Taraz,KZ,2022-07-13 20:33:09,42.9,71.3667,79.21,27,0,6.71
208,Viedma,AR,2022-07-13 20:34:28,-40.8135,-62.9967,48.31,34,100,3.33
209,Vostok,RU,2022-07-13 20:34:28,46.4856,135.8833,63.41,95,81,3.09
210,Durban,ZA,2022-07-13 20:34:29,-29.8579,31.0292,63.01,65,0,5.01
211,Qaanaaq,GL,2022-07-13 20:34:29,77.484,-69.3632,38.77,96,100,6.24
212,Ozernovskiy,RU,2022-07-13 20:34:29,51.5,156.5167,52.32,99,100,2.3
213,Sobolevo,RU,2022-07-13 20:34:30,54.4299,31.8996,53.67,97,100,5.61
214,Hutchinson,US,2022-07-13 20:31:04,38.0608,-97.9298,96.04,29,0,12.66
215,Yarada,IN,2022-07-13 20:34:30,17.65,83.2667,80.92,78,75,14.97
216,Dukat,RU,2022-07-13 20:34:31,62.55,155.55,72.95,54,0,17.09
217,Nemuro,JP,2022-07-13 20:34:32,43.3236,145.575,60.13,95,95,7.09
218,Kabo,CF,2022-07-13 20:34:32,7.6994,18.629,69.66,95,100,1.83
219,Port Elizabeth,ZA,2022-07-13 20:34:33,-33.918,25.5701,58.32,66,0,18.01
220,Beloha,MG,2022-07-13 20:34:33,-25.1667,45.05,62.89,84,0,5.35
221,Kosh-Agach,RU,2022-07-13 20:34:33,50.0,88.6667,48.06,64,94,4.79
222,Airai,TL,2022-07-13 20:34:34,-8.9266,125.4092,52.07,88,47,3.27
223,Werder,DE,2022-07-13 20:34:34,52.3787,12.934,78.91,39,99,9.73
224,Provideniya,RU,2022-07-13 20:33:07,64.3833,-173.3,51.91,82,100,13.42
225,Tchaourou,BJ,2022-07-13 20:34:35,8.8865,2.5975,72.3,94,97,3.83
226,Lethem,GY,2022-07-13 20:34:35,3.3803,-59.7968,82.4,76,100,6.49
227,Tucupita,VE,2022-07-13 20:34:35,9.0622,-62.051,81.27,78,55,5.64
228,Dongsheng,CN,2022-07-13 20:35:36,39.8161,109.9776,68.85,37,46,7.76
229,Lazaro Cardenas,MX,2022-07-13 20:35:36,17.9583,-102.2,82.98,70,100,3.91
230,Puerto Del Rosario,ES,2022-07-13 20:35:36,28.5004,-13.8627,74.95,64,20,13.8
231,Tecoanapa,MX,2022-07-13 20:35:37,16.5167,-98.75,85.15,68,100,7.2
232,Pullman,US,2022-07-13 20:35:37,46.7313,-117.1796,84.43,45,20,11.01
233,Camacha,PT,2022-07-13 20:35:37,33.0833,-16.3333,67.42,68,40,4.61
234,Brattleboro,US,2022-07-13 20:35:38,42.8509,-72.5579,87.28,47,55,3.0
235,Kualakapuas,ID,2022-07-13 20:35:38,-3.0091,114.3876,73.92,97,100,1.77
236,Hobyo,SO,2022-07-13 20:35:38,5.3505,48.5268,78.98,77,68,30.31
237,Halapitan,PH,2022-07-13 20:35:39,7.9175,125.33,69.46,97,21,0.85
238,Kpalime,TG,2022-07-13 20:35:39,6.9,0.6333,71.47,97,89,4.16
239,Marsh Harbour,BS,2022-07-13 20:35:39,26.5412,-77.0636,84.72,71,91,12.5
240,Dakar,SN,2022-07-13 20:35:40,14.6937,-17.4441,79.68,78,91,11.48
241,Mareeba,AU,2022-07-13 20:35:29,-17.0,145.4333,49.44,65,4,2.8
242,Nadym,RU,2022-07-13 20:35:40,65.5333,72.5167,58.28,52,100,14.63
243,Ostrovnoy,RU,2022-07-13 20:35:41,68.0531,39.5131,62.49,91,81,6.71
244,Hay River,CA,2022-07-13 20:35:41,60.8156,-115.7999,71.58,30,75,6.91
245,Vuktyl,RU,2022-07-13 20:35:41,63.8567,57.3094,67.78,71,1,4.92
246,Bang Saphan,TH,2022-07-13 20:35:41,11.2126,99.5117,74.46,90,100,5.1
247,Ternate,ID,2022-07-13 20:35:42,0.8,127.4,79.63,81,96,2.84
248,Itarema,BR,2022-07-13 20:35:42,-2.9248,-39.9167,79.56,81,62,17.83
249,Revelstoke,CA,2022-07-13 20:31:59,50.9832,-118.2023,82.42,24,0,9.22
250,Shakawe,BW,2022-07-13 20:35:43,-18.3667,21.85,58.71,39,0,3.89
251,Arraial Do Cabo,BR,2022-07-13 20:35:43,-22.9661,-42.0278,73.26,83,40,9.22
252,Eenhana,NA,2022-07-13 20:35:43,-17.4667,16.3333,57.38,37,0,6.89
253,Wuda,CN,2022-07-13 20:35:44,39.4994,106.7117,79.47,46,41,6.02
254,At-Bashi,KG,2022-07-13 20:35:44,41.1702,75.8106,48.6,81,72,1.88
255,Etaples,FR,2022-07-13 20:35:26,50.5219,1.6332,73.4,60,0,4.61
256,Yarmouth,US,2022-07-13 20:34:40,41.7057,-70.2286,88.27,60,0,8.05
257,Lata,PT,2022-07-13 20:35:45,40.1629,-8.3327,83.8,31,86,4.76
258,San Quintin,MX,2022-07-13 20:35:45,30.4833,-115.95,71.33,68,100,15.84
259,Warrington,GB,2022-07-13 20:31:27,53.3925,-2.5802,63.32,67,0,5.75
260,Yelizovo,RU,2022-07-13 20:35:46,53.1873,158.3805,59.14,100,100,0.0
261,Inuvik,CA,2022-07-13 20:35:46,68.3499,-133.7218,48.96,90,100,10.36
262,Lubango,AO,2022-07-13 20:35:46,-14.9172,13.4925,57.67,37,4,4.63
263,Nanakuli,US,2022-07-13 20:35:47,21.3906,-158.1547,85.95,51,40,11.5
264,San Carlos De Bariloche,AR,2022-07-13 20:35:47,-41.1456,-71.3082,37.24,69,75,3.44
265,Upernavik,GL,2022-07-13 20:35:47,72.7868,-56.1549,41.9,85,16,11.88
266,Lomovka,RU,2022-07-13 20:35:48,53.9194,58.3672,62.24,90,22,0.94
267,Yumen,CN,2022-07-13 20:35:48,40.2833,97.2,73.53,32,80,13.87
268,Lorengau,PG,2022-07-13 20:35:48,-2.0226,147.2712,81.03,82,100,6.96
269,Puerto Escondido,MX,2022-07-13 20:35:49,15.85,-97.0667,88.63,58,40,11.5
270,Tasiilaq,GL,2022-07-13 20:33:21,65.6145,-37.6368,44.76,81,21,3.8
271,Sebinkarahisar,TR,2022-07-13 20:35:49,40.2883,38.4236,55.9,82,18,4.23
272,Husavik,IS,2022-07-13 20:35:50,66.0449,-17.3389,49.95,66,30,4.41
273,Pocone,BR,2022-07-13 20:36:50,-16.2567,-56.6228,86.49,30,100,1.99
274,Clyde River,CA,2022-07-13 20:36:50,70.4692,-68.5914,41.23,87,20,16.11
275,Aniva,RU,2022-07-13 20:32:08,46.7144,142.5294,57.31,92,100,5.21
276,Sechura,PE,2022-07-13 20:36:51,-5.5569,-80.8222,74.48,56,23,14.74
277,Salisbury,GB,2022-07-13 20:36:51,51.0693,-1.7957,71.89,62,100,8.05
278,Erenhot,CN,2022-07-13 20:36:51,43.6475,111.9767,68.4,44,53,6.55
279,Zaozerne,UA,2022-07-13 20:36:52,45.1582,33.2787,71.35,61,34,13.56
280,Saskylakh,RU,2022-07-13 20:31:59,71.9167,114.0833,45.05,65,100,10.4
281,Bellevue,US,2022-07-13 20:34:37,47.6104,-122.2007,77.77,54,0,8.05
282,Maceio,BR,2022-07-13 20:36:52,-9.6658,-35.7353,78.24,73,75,9.22
283,Kolyvan,RU,2022-07-13 20:36:53,55.3053,82.7391,47.82,68,97,2.84
284,Mabaruma,GY,2022-07-13 20:36:53,8.2,-59.7833,77.83,91,77,4.92
285,Severo-Kurilsk,RU,2022-07-13 20:36:53,50.6789,156.125,53.76,96,99,1.92
286,Belmonte,BR,2022-07-13 20:36:54,-15.8631,-38.8828,72.61,79,0,6.44
287,Santa Isabel Do Rio Negro,BR,2022-07-13 20:36:54,-0.4139,-65.0192,79.16,86,86,1.52
288,Leh,IN,2022-07-13 20:34:06,34.1667,77.5833,59.7,60,17,6.02
289,Camopi,GF,2022-07-13 20:36:55,3.1655,-52.3158,75.09,98,99,3.71
290,Sao Gabriel Da Cachoeira,BR,2022-07-13 20:36:55,-0.1303,-67.0892,77.74,93,98,1.68
291,Adre,TD,2022-07-13 20:36:55,13.4667,22.2,70.9,91,99,3.29
292,Mackay,AU,2022-07-13 20:36:56,-21.15,149.2,43.68,66,0,13.02
293,Maua,BR,2022-07-13 20:36:56,-23.6678,-46.4614,62.4,90,100,7.09
294,Sarana,RU,2022-07-13 20:36:56,56.4773,57.7259,65.71,92,3,2.48
295,Myszkow,PL,2022-07-13 20:36:57,50.5752,19.3246,72.64,67,67,6.96
296,Biak,ID,2022-07-13 20:36:57,-0.9131,122.8766,74.46,91,99,5.48
297,Lishui,CN,2022-07-13 20:36:57,28.4604,119.9103,78.28,88,100,1.83
298,Namtsy,RU,2022-07-13 20:36:58,62.7161,129.6658,65.44,87,94,4.34
299,Fare,PF,2022-07-13 20:36:58,-16.7,-151.0167,77.99,72,26,17.67
300,Dargaville,NZ,2022-07-13 20:36:58,-35.9333,173.8833,53.58,94,100,5.53
301,Mnogovershinnyy,RU,2022-07-13 20:36:59,53.9353,139.9242,66.49,84,99,1.05
302,Ishigaki,JP,2022-07-13 20:36:59,24.3448,124.1572,82.53,94,20,13.8
303,Safford,US,2022-07-13 20:36:59,32.834,-109.7076,99.52,22,0,0.0
304,Aklavik,CA,2022-07-13 20:36:59,68.2191,-135.0107,48.2,93,100,12.66
305,Sangmelima,CM,2022-07-13 20:37:00,2.9333,11.9833,67.21,99,85,3.04
306,Bosaso,SO,2022-07-13 20:35:36,11.2842,49.1816,92.17,37,87,12.8
307,Bocas Del Toro,PA,2022-07-13 20:37:00,9.3333,-82.25,82.49,78,100,8.28
308,Talnakh,RU,2022-07-13 20:37:00,69.4865,88.3972,48.79,66,47,3.31
309,Ribeira Grande,PT,2022-07-13 20:37:01,38.5167,-28.7,75.6,69,40,5.75
310,Iquitos,PE,2022-07-13 20:37:01,-3.7481,-73.2472,84.24,74,40,3.44
311,Mariveles,PH,2022-07-13 20:37:01,14.4833,120.4833,71.56,82,100,2.42
312,Kaihua,CN,2022-07-13 20:37:02,23.3687,104.28,67.68,90,83,4.34
313,Winnemucca,US,2022-07-13 20:37:02,40.973,-117.7357,98.65,12,0,10.36
314,Harper,LR,2022-07-13 20:37:02,4.375,-7.7169,76.1,80,100,11.86
315,Cabittaogan,PH,2022-07-13 20:37:03,17.5828,120.3656,79.2,82,97,6.08
316,Padang,ID,2022-07-13 20:36:48,-0.9492,100.3543,78.3,85,97,2.93
317,Jackson,US,2022-07-13 20:37:03,42.4165,-122.8345,91.15,38,0,4.0
318,Balkanabat,TM,2022-07-13 20:37:04,39.5108,54.3671,90.9,19,0,6.49
319,Pozo Colorado,PY,2022-07-13 20:37:04,-23.4923,-58.7972,64.27,53,93,2.44
320,Gazli,UZ,2022-07-13 20:37:04,40.1333,63.45,86.54,21,0,10.98
321,Almaznyy,RU,2022-07-13 20:37:05,48.0448,40.045,68.52,32,75,6.53
322,Yeppoon,AU,2022-07-13 20:38:05,-23.1333,150.7333,47.98,75,0,9.84
323,Concordia,AR,2022-07-13 20:38:05,-31.393,-58.0209,60.87,55,0,9.22
324,Paide,EE,2022-07-13 20:38:06,58.8856,25.5572,58.33,81,100,5.21
325,Yar-Sale,RU,2022-07-13 20:33:16,66.8333,70.8333,50.67,82,100,8.99
326,Klaksvik,FO,2022-07-13 20:38:06,62.2266,-6.589,47.32,76,73,8.99
327,Villa Union,MX,2022-07-13 20:38:07,23.2,-106.2333,93.16,53,20,3.44
328,Banbury,GB,2022-07-13 20:38:07,52.0602,-1.3403,67.64,40,100,8.01
329,Ouesso,CG,2022-07-13 20:38:07,1.6136,16.0517,75.4,79,100,2.89
330,Koygorodok,RU,2022-07-13 20:38:08,60.445,50.9968,69.62,80,100,6.87
331,Finschhafen,PG,2022-07-13 20:38:08,-6.6024,147.8681,79.29,79,9,7.54
332,Livingstonia,MW,2022-07-13 20:38:08,-10.606,34.1063,58.15,74,0,4.03
333,Fuling,CN,2022-07-13 20:38:09,29.7022,107.3919,80.28,81,96,3.91
334,Labuhan,ID,2022-07-13 20:38:09,-6.8844,112.2051,76.35,89,100,5.73
335,Vrangel,RU,2022-07-13 20:38:09,42.7297,133.0839,65.62,97,100,12.68
336,Bud,US,2022-07-13 20:38:10,39.447,-86.1758,88.41,49,2,8.68
337,Sinnamary,GF,2022-07-13 20:38:10,5.3833,-52.95,76.1,91,100,4.72
338,Scarborough,GB,2022-07-13 20:34:47,54.2797,-0.4044,62.17,72,66,8.01
339,Shimoda,JP,2022-07-13 20:34:32,34.6667,138.95,73.11,93,100,11.86
340,Abidjan,CI,2022-07-13 20:36:53,5.3094,-4.0197,76.96,94,75,8.05
341,Bac Lieu,VN,2022-07-13 20:35:44,9.285,105.7244,75.4,93,100,9.28
342,Gwadar,PK,2022-07-13 20:34:08,25.1216,62.3254,85.26,82,100,6.89
343,Vagur,FO,2022-07-13 20:38:11,61.4732,-6.8119,48.56,84,100,5.44
344,Khromtau,KZ,2022-07-13 20:38:11,50.2503,58.4347,73.8,47,31,5.73
345,Olinda,BR,2022-07-13 20:38:12,-8.0089,-34.8553,80.33,65,40,12.66
346,Bagotville,AU,2022-07-13 20:38:12,-28.9833,153.4167,48.07,80,67,10.8
347,Lufkin,US,2022-07-13 20:35:43,31.3382,-94.7291,103.84,39,75,0.0
348,Timra,SE,2022-07-13 20:38:12,62.487,17.3257,56.88,88,0,12.66
349,Georgetown,MY,2022-07-13 20:38:13,5.4112,100.3354,80.53,99,40,5.01
350,Jiaozuo,CN,2022-07-13 20:38:13,35.2397,113.2331,78.06,80,74,3.8
351,Berlevag,NO,2022-07-13 20:38:13,70.8578,29.0864,58.8,94,75,19.57
352,Kilinochchi,LK,2022-07-13 20:38:14,9.3961,80.3982,79.79,78,100,17.65
353,Zhigansk,RU,2022-07-13 20:38:14,66.7697,123.3711,62.4,78,97,5.91
354,Avera,US,2022-07-13 20:38:15,33.194,-82.5271,82.45,89,100,12.33
355,Baoshan,CN,2022-07-13 20:38:15,46.5586,131.4244,67.21,93,100,3.09
356,Calama,CL,2022-07-13 20:38:15,-22.4667,-68.9333,64.89,13,0,23.02
357,Mehamn,NO,2022-07-13 20:38:16,71.0357,27.8492,57.15,88,0,3.44
358,Vilhena,BR,2022-07-13 20:38:16,-12.7406,-60.1458,88.02,40,20,6.91
359,Sattahip,TH,2022-07-13 20:38:16,12.6664,100.9007,80.98,83,40,3.44
360,Casa Nova,BR,2022-07-13 20:38:17,-9.4167,-41.1333,80.35,58,95,17.58
361,Tuatapere,NZ,2022-07-13 20:38:17,-46.1333,167.6833,42.44,88,95,4.79
362,Jiayuguan,CN,2022-07-13 20:38:18,39.8167,98.3,76.68,32,98,4.16
363,Yamada,JP,2022-07-13 20:38:19,39.4667,141.95,68.09,92,100,3.04
364,Namibe,AO,2022-07-13 20:38:19,-15.1961,12.1522,63.45,89,16,2.42
365,Gizo,SB,2022-07-13 20:38:19,-8.103,156.8419,82.54,75,15,9.1
366,Constitucion,CL,2022-07-13 20:38:20,-35.3333,-72.4167,49.42,94,100,9.24
367,Tiksi,RU,2022-07-13 20:38:20,71.6872,128.8694,36.16,96,100,6.24
368,Hasaki,JP,2022-07-13 20:38:20,35.7333,140.8333,73.8,92,93,12.17
369,Americus,US,2022-07-13 20:39:21,32.0724,-84.2327,81.99,89,100,6.91
370,Brighton,GB,2022-07-13 20:39:21,50.8284,-0.1395,71.26,76,100,13.2
371,Guarapari,BR,2022-07-13 20:39:21,-20.6667,-40.4975,73.89,88,5,4.9
372,Katsuura,JP,2022-07-13 20:39:22,35.1333,140.3,74.8,92,100,7.94
373,Treinta Y Tres,UY,2022-07-13 20:39:22,-33.2333,-54.3833,46.44,78,2,7.49
374,Athabasca,CA,2022-07-13 20:39:22,54.7169,-113.2854,72.01,48,9,2.24
375,Leningradskiy,RU,2022-07-13 20:34:26,69.3833,178.4167,40.5,71,93,8.72
376,Mitsamiouli,KM,2022-07-13 20:39:23,-11.3847,43.2844,78.31,74,91,2.35
377,Waitati,NZ,2022-07-13 20:39:23,-45.75,170.5667,48.79,88,100,8.19
378,Keflavik,IS,2022-07-13 20:39:23,64.0049,-22.5624,49.91,87,75,14.97
379,Sinjar,IQ,2022-07-13 20:39:24,36.3209,41.8754,89.58,19,1,19.71
380,Marystown,CA,2022-07-13 20:39:24,47.1666,-55.1483,64.85,100,57,5.99
381,Thinadhoo,MV,2022-07-13 20:39:24,0.5333,72.9333,83.19,74,99,12.39
382,Mataram,ID,2022-07-13 20:39:25,-8.5833,116.1167,72.41,83,68,10.49
383,Isangel,VU,2022-07-13 20:37:47,-19.55,169.2667,78.78,84,5,14.7
384,Torbay,CA,2022-07-13 20:35:32,47.6666,-52.7314,74.75,59,40,24.16
385,Moron,AR,2022-07-13 20:39:25,-34.6534,-58.6198,60.49,66,100,7.45
386,Japura,ID,2022-07-13 20:39:26,-0.3167,102.35,73.18,99,92,1.3
387,Crotone,IT,2022-07-13 20:39:26,39.0851,17.1178,74.19,57,0,10.65
388,Alofi,NU,2022-07-13 20:39:26,-19.0595,-169.9187,78.69,78,40,10.36
389,San Patricio,US,2022-07-13 20:39:27,28.017,-97.5169,101.12,36,20,16.02
390,Strezhevoy,RU,2022-07-13 20:39:27,60.7333,77.5889,53.67,63,100,2.26
391,Saint-Francois,FR,2022-07-13 20:39:28,46.4154,3.9054,76.44,57,67,0.0
392,Santa Marta,CO,2022-07-13 20:36:45,11.2408,-74.199,87.85,62,40,5.75
393,Saint George,US,2022-07-13 20:39:28,37.1041,-113.5841,106.79,19,0,5.75
394,Mpongwe,ZM,2022-07-13 20:39:28,-13.5091,28.155,57.74,62,37,5.79
395,Auki,SB,2022-07-13 20:39:29,-8.7676,160.7034,77.72,76,8,3.85
396,Bubaque,GW,2022-07-13 20:39:29,11.2833,-15.8333,81.21,81,100,8.57
397,Wanning,CN,2022-07-13 20:39:29,18.8003,110.3967,80.02,89,63,2.04
398,Pitimbu,BR,2022-07-13 20:39:30,-7.4706,-34.8086,79.39,79,84,14.34
399,Los Llanos De Aridane,ES,2022-07-13 20:39:30,28.6585,-17.9182,69.55,83,20,8.05
400,Ngunguru,NZ,2022-07-13 20:39:30,-35.6167,174.5,56.62,93,100,3.24
401,Minsk,BY,2022-07-13 20:37:00,53.9,27.5667,56.95,95,100,5.48
402,Te Anau,NZ,2022-07-13 20:39:31,-45.4167,167.7167,39.83,95,100,0.76
403,Lagoa,PT,2022-07-13 20:39:31,39.05,-27.9833,68.74,93,55,15.52
404,Ithaca,US,2022-07-13 20:34:46,42.4406,-76.4966,80.38,73,100,5.75
405,Manokwari,ID,2022-07-13 20:39:31,-0.8667,134.0833,77.29,79,81,3.24
406,Dzilam Gonzalez,MX,2022-07-13 20:39:32,21.2833,-88.9333,84.56,68,100,8.86
407,Kefamenanu,ID,2022-07-13 20:39:32,-9.4467,124.4781,65.35,82,96,4.97
408,Acapulco,MX,2022-07-13 20:39:32,16.8634,-99.8901,85.82,70,75,4.61
409,Akcaabat,TR,2022-07-13 20:39:33,41.0212,39.5715,73.27,68,75,5.75
410,Naples Park,US,2022-07-13 20:39:33,26.2617,-81.8093,93.97,67,0,11.5
411,Tarauaca,BR,2022-07-13 20:39:34,-8.1614,-70.7656,92.19,41,45,2.1
412,Moose Factory,CA,2022-07-13 20:39:34,51.2585,-80.6094,66.2,42,0,11.5
413,Mount Pleasant,US,2022-07-13 20:37:17,32.7941,-79.8626,86.99,77,0,11.5
414,Swinoujscie,PL,2022-07-13 20:39:34,53.9105,14.2471,68.18,70,6,19.8
415,Ponta Delgada,PT,2022-07-13 20:39:35,37.7333,-25.6667,70.5,88,75,9.22
416,Namatanai,PG,2022-07-13 20:39:35,-3.6667,152.4333,79.54,84,100,7.58
417,Johi,PK,2022-07-13 20:40:35,26.6921,67.6133,94.26,55,19,5.32
418,Singaraja,ID,2022-07-13 20:37:20,-8.112,115.0882,77.63,83,63,4.5
419,Khandbari,NP,2022-07-13 20:40:36,27.3747,87.2039,72.57,91,100,4.9
420,Amapa,BR,2022-07-13 20:40:36,1.0,-52.0,75.24,96,99,3.06
421,Nhulunbuy,AU,2022-07-13 20:40:36,-12.2333,136.7667,70.41,56,77,13.8
422,Antofagasta,CL,2022-07-13 20:36:03,-23.65,-70.4,63.68,72,64,6.33
423,Nouadhibou,MR,2022-07-13 20:40:37,20.931,-17.0347,69.78,83,8,23.02
424,Roseburg,US,2022-07-13 20:40:19,43.2165,-123.3417,79.18,51,0,3.44
425,Prince George,CA,2022-07-13 20:40:37,53.9166,-122.753,64.26,56,40,4.61
426,Dingzhou,CN,2022-07-13 20:40:37,38.5131,114.9956,75.31,77,0,1.88
427,Yulara,AU,2022-07-13 20:40:38,-25.2406,130.9889,40.71,68,0,9.6
428,Sitka,US,2022-07-13 20:40:38,57.0531,-135.33,55.29,88,100,4.61
429,Narsaq,GL,2022-07-13 20:40:38,60.9167,-46.05,59.22,71,100,5.86
430,Santa Barbara,US,2022-07-13 20:37:10,34.7333,-120.0343,91.35,42,0,8.05
431,Byron Bay,AU,2022-07-13 20:40:39,-28.65,153.6167,50.81,73,57,18.07
432,Oranjemund,NA,2022-07-13 20:36:53,-28.55,16.4333,52.99,89,0,7.85
433,Mariel,CU,2022-07-13 20:40:39,22.9875,-82.7536,91.54,59,15,6.22
434,Tukrah,LY,2022-07-13 20:40:40,32.5341,20.5791,77.13,68,0,15.14
435,Dunedin,NZ,2022-07-13 20:40:40,-45.8742,170.5036,48.79,88,100,10.0
436,Ayan,RU,2022-07-13 20:40:40,56.45,138.1667,59.32,98,100,7.18
437,Filingue,NE,2022-07-13 20:40:41,14.3521,3.3168,83.16,65,94,24.18
438,Tarboro,US,2022-07-13 20:40:41,35.8968,-77.5358,84.58,74,75,0.0
439,Puerto Quijarro,BO,2022-07-13 20:40:42,-17.7833,-57.7667,88.18,33,14,4.23
440,Porto Santo,PT,2022-07-13 20:40:40,33.072,-16.3415,70.18,68,40,4.61
441,Iralaya,HN,2022-07-13 20:40:42,15.0,-83.2333,81.68,83,100,14.45
442,Owando,CG,2022-07-13 20:40:42,-0.4819,15.8999,80.31,49,49,2.53
443,Sambava,MG,2022-07-13 20:40:43,-14.2667,50.1667,68.58,87,28,11.05
444,Kapuskasing,CA,2022-07-13 20:37:01,49.4169,-82.4331,71.69,37,75,5.75
445,Aldan,RU,2022-07-13 20:40:10,58.6031,125.3894,59.88,91,100,4.74
446,Jiexiu,CN,2022-07-13 20:38:17,37.0244,111.9125,77.16,70,99,1.48
447,Daru,PG,2022-07-13 20:40:43,-9.0763,143.2092,76.46,80,100,16.58
448,Swellendam,ZA,2022-07-13 20:40:44,-34.0226,20.4417,53.78,67,16,8.57
449,Conceicao Do Araguaia,BR,2022-07-13 20:40:44,-8.2578,-49.2647,86.79,31,12,3.67
450,Lensk,RU,2022-07-13 20:40:44,60.7253,114.9278,57.6,77,100,1.97
451,Ayabe,JP,2022-07-13 20:40:45,35.3,135.25,73.85,93,100,3.91
452,Luzino,RU,2022-07-13 20:40:45,54.9481,73.0353,67.77,64,75,4.47
453,Hovd,MN,2022-07-13 20:40:45,48.0056,91.6419,53.92,75,2,2.42
454,Port Hedland,AU,2022-07-13 20:40:46,-20.3167,118.5667,53.65,62,30,9.22
455,Suzun,RU,2022-07-13 20:40:46,53.7841,82.3116,57.31,58,98,3.76
456,Jiazi,CN,2022-07-13 20:40:47,22.8779,116.067,81.1,84,79,5.68
457,Cabo Rojo,PR,2022-07-13 20:40:47,18.0866,-67.1457,83.91,86,100,8.25
458,Nome,US,2022-07-13 20:40:48,64.5011,-165.4064,63.16,67,75,8.05
459,Port Keats,AU,2022-07-13 20:40:49,-14.25,129.55,57.7,37,10,10.49
460,Sao Joao Da Barra,BR,2022-07-13 20:40:36,-21.6403,-41.0511,75.29,87,26,12.19
461,Port Lincoln,AU,2022-07-13 20:40:49,-34.7333,135.8667,50.14,80,4,4.56
462,Nouakchott,MR,2022-07-13 20:40:50,18.0858,-15.9785,76.93,80,20,10.94
463,Port Macquarie,AU,2022-07-13 20:40:50,-31.4333,152.9167,50.23,91,62,18.41
464,Faanui,PF,2022-07-13 20:41:50,-16.4833,-151.75,78.19,74,13,19.19
465,Luderitz,NA,2022-07-13 20:41:51,-26.6481,15.1594,56.57,62,0,16.84
466,Ahuimanu,US,2022-07-13 20:41:51,21.4447,-157.8378,85.71,74,75,14.97
467,Gainsborough,GB,2022-07-13 20:41:52,53.3833,-0.7667,68.67,48,0,10.36
468,Ucluelet,CA,2022-07-13 20:41:52,48.9329,-125.5528,64.71,81,0,3.0
469,Merrill,US,2022-07-13 20:41:52,45.1805,-89.6835,76.68,49,0,4.61
470,Kamenka,RU,2022-07-13 20:41:52,51.3223,42.7678,61.68,93,91,6.98
471,Carndonagh,IE,2022-07-13 20:41:53,55.25,-7.2667,53.15,92,100,7.11
472,Batticaloa,LK,2022-07-13 20:41:53,7.7102,81.6924,81.01,63,24,14.36
473,Opuwo,NA,2022-07-13 20:39:31,-18.0607,13.84,61.59,36,0,7.27
474,Barahona,DO,2022-07-13 20:41:54,18.2085,-71.1008,87.62,66,40,16.11
475,Chumphon,TH,2022-07-13 20:41:54,10.3333,98.8333,70.79,93,100,4.74
476,Traverse City,US,2022-07-13 20:41:54,44.7631,-85.6206,77.83,47,20,10.36
477,Portales,US,2022-07-13 20:41:55,34.1862,-103.3344,94.1,29,41,7.36
478,Wewak,PG,2022-07-13 20:41:55,-3.5534,143.6268,78.82,85,100,3.38
479,Weyburn,CA,2022-07-13 20:41:55,49.6668,-103.8511,82.62,39,6,19.57
480,Guadalupe Y Calvo,MX,2022-07-13 20:41:56,26.1,-106.9667,62.94,78,99,3.6
481,Dudinka,RU,2022-07-13 20:41:56,69.4058,86.1778,41.86,83,3,7.25
482,Touros,BR,2022-07-13 20:38:35,-5.1989,-35.4608,77.0,83,33,13.56
483,Richards Bay,ZA,2022-07-13 20:41:57,-28.783,32.0377,62.22,54,0,6.38
484,Enshi,CN,2022-07-13 20:41:57,30.3,109.4833,75.16,94,100,0.45
485,Zhangye,CN,2022-07-13 20:41:57,38.9342,100.4517,77.5,40,99,0.54
486,Bambanglipuro,ID,2022-07-13 20:41:58,-7.95,110.2833,75.33,91,100,6.4
487,Gazanjyk,TM,2022-07-13 20:41:58,39.2446,55.5154,84.43,22,0,5.84
488,Bolshaya Rechka,RU,2022-07-13 20:41:58,51.9503,104.7355,61.07,98,100,4.47
489,Neiafu,TO,2022-07-13 20:41:54,-18.65,-173.9833,79.48,94,40,13.8
490,Qui Nhon,VN,2022-07-13 20:39:52,13.7667,109.2333,77.68,87,100,4.79
491,Colares,PT,2022-07-13 20:41:59,38.7992,-9.4469,88.79,32,0,8.05
492,Zhigalovo,RU,2022-07-13 20:42:00,54.8097,105.1578,56.46,98,100,2.17
493,Okhotsk,RU,2022-07-13 20:42:00,59.3833,143.3,61.57,91,100,2.26
494,Conde,BR,2022-07-13 20:42:00,-7.2597,-34.9075,78.26,73,0,13.8
495,Lakatoro,VU,2022-07-13 20:42:01,-16.0999,167.4164,78.89,78,21,6.96
496,Maumere,ID,2022-07-13 20:42:01,-8.6199,122.2111,74.1,84,99,7.83
497,Leshukonskoye,RU,2022-07-13 20:42:01,64.8989,45.7622,65.25,83,69,3.71
498,Srednekolymsk,RU,2022-07-13 20:42:02,67.45,153.6833,60.01,47,100,14.16
499,Coihaique,CL,2022-07-13 20:42:02,-45.5752,-72.0662,34.41,80,75,3.44
500,Manama,BH,2022-07-13 20:42:02,26.2154,50.5832,95.18,74,0,4.61
501,Kodinsk,RU,2022-07-13 20:42:03,58.6881,99.1844,52.79,98,100,1.92
502,Maryborough,AU,2022-07-13 20:42:03,-25.5333,152.7,47.71,69,0,10.09
503,Ambilobe,MG,2022-07-13 20:42:03,-13.2,49.05,68.68,74,13,4.14
504,Sayyan,YE,2022-07-13 20:42:04,15.1718,44.3244,61.41,67,88,7.0
505,West Lafayette,US,2022-07-13 20:41:06,40.4259,-86.9081,85.21,54,75,9.22
506,Havre-Saint-Pierre,CA,2022-07-13 20:42:04,50.2334,-63.5986,68.36,56,100,13.8
507,Xuddur,SO,2022-07-13 20:42:05,4.1213,43.8894,74.97,71,24,22.84
508,Caravelas,BR,2022-07-13 20:42:05,-17.7125,-39.2481,71.08,86,3,4.61
509,Dindori,IN,2022-07-13 20:43:05,22.95,81.0833,76.75,83,6,6.11
510,Rock Springs,US,2022-07-13 20:42:31,41.5875,-109.2029,89.04,16,0,23.29
511,Leesburg,US,2022-07-13 20:41:18,39.1157,-77.5636,92.23,53,0,6.91
512,Pochutla,MX,2022-07-13 20:43:06,15.7432,-96.4661,87.48,60,100,5.28
513,Hambantota,LK,2022-07-13 20:43:06,6.1241,81.1185,78.93,81,75,19.01
514,College,US,2022-07-13 20:43:07,64.8569,-147.8028,60.58,73,75,5.75
515,Melfort,CA,2022-07-13 20:43:07,52.8667,-104.6177,80.28,63,62,17.52
516,Kropotkin,RU,2022-07-13 20:43:07,45.4375,40.5756,68.97,80,76,6.08
517,Banocboc,PH,2022-07-13 20:43:08,14.3,122.5833,76.41,94,100,4.63
518,Terme,TR,2022-07-13 20:43:08,41.2092,36.9739,73.33,84,4,5.68
519,Ust-Koksa,RU,2022-07-13 20:43:08,50.2696,85.6108,45.88,82,97,2.62
520,Vestmannaeyjar,IS,2022-07-13 20:43:09,63.4427,-20.2734,49.71,81,100,12.01
521,Antipino,RU,2022-07-13 20:43:09,57.1068,65.7576,68.29,91,90,6.29
522,Chuy,UY,2022-07-13 20:43:10,-33.6971,-53.4616,46.33,80,5,6.78
523,Beian,NO,2022-07-13 20:43:11,63.6559,9.5683,56.01,88,75,9.22
524,Fukue,JP,2022-07-13 20:43:11,32.6881,128.8419,80.49,90,48,17.43
525,Vardo,NO,2022-07-13 20:43:12,70.3705,31.1107,51.78,100,100,6.91
526,Rongcheng,CN,2022-07-13 20:43:12,30.634,117.8517,81.27,77,100,2.93
527,Genhe,CN,2022-07-13 20:43:12,50.7833,121.5167,59.99,98,100,9.01
528,Rio Claro,BR,2022-07-13 20:43:13,-22.4114,-47.5614,69.06,64,29,10.71
529,Great Bend,US,2022-07-13 20:43:13,38.3645,-98.7648,96.04,28,0,13.8
530,Gerede,TR,2022-07-13 20:43:14,40.8008,32.1969,50.09,98,66,2.17
531,Birjand,IR,2022-07-13 20:41:00,32.8663,59.2211,72.07,23,0,11.5
532,Cobija,BO,2022-07-13 20:43:14,-11.0267,-68.7692,87.98,62,40,0.0
533,Pombia,IT,2022-07-13 20:43:14,45.653,8.6336,82.26,60,0,1.14
534,Boyolangu,ID,2022-07-13 20:43:15,-8.1181,111.8935,74.57,93,100,4.09
535,Neepawa,CA,2022-07-13 20:43:15,50.2289,-99.4664,81.0,58,2,8.63
536,Petropavlovsk-Kamchatskiy,RU,2022-07-13 20:43:15,53.0452,158.6483,58.78,100,100,0.0
537,Marzuq,YE,2022-07-13 20:43:16,14.4,46.4667,79.05,54,98,0.83
538,Zyryanka,RU,2022-07-13 20:43:16,65.75,150.85,63.43,80,100,13.4
539,Nuuk,GL,2022-07-13 20:43:16,64.1835,-51.7216,54.21,71,20,5.75
540,Pervomayskoye,RU,2022-07-13 20:43:17,43.919,46.7102,74.73,58,0,4.43
541,Ayni,TJ,2022-07-13 20:43:17,39.3941,68.5377,66.27,61,0,2.15
542,Port Augusta,AU,2022-07-13 20:43:17,-32.5,137.7667,41.31,85,0,4.07
543,Hatillo,PR,2022-07-13 20:43:18,18.4863,-66.8254,86.11,82,100,10.0
544,Osmena,PH,2022-07-13 20:43:18,10.5208,119.9258,82.29,79,99,13.31
545,Dombarovskiy,RU,2022-07-13 20:43:18,50.7587,59.5386,73.69,51,45,10.4
546,Jaypur,IN,2022-07-13 20:43:19,18.85,82.5833,69.15,97,100,12.71
547,Darnah,LY,2022-07-13 20:43:19,32.767,22.6367,76.73,71,0,16.91
548,Mocuba,MZ,2022-07-13 20:43:19,-16.8392,36.9856,62.87,87,19,1.86
549,Bristol,US,2022-07-13 20:38:23,41.8334,-71.1662,90.97,50,0,6.91
550,Evensk,RU,2022-07-13 20:43:20,61.95,159.2333,55.67,82,38,5.01
551,Huainan,CN,2022-07-13 20:43:20,32.6264,116.9969,84.96,75,70,5.32
552,Petauke,ZM,2022-07-13 20:43:20,-14.2426,31.3253,62.82,56,80,7.9
553,Zhoucheng,CN,2022-07-13 20:43:21,35.9122,116.3117,75.67,93,4,2.89
554,Tomatlan,MX,2022-07-13 20:43:21,19.9333,-105.25,86.59,67,94,9.82
555,Glendive,US,2022-07-13 20:43:22,47.1053,-104.7125,91.02,40,0,14.97
556,Cabedelo,BR,2022-07-13 20:40:16,-6.9811,-34.8339,79.47,78,64,15.66
557,Celinac,BA,2022-07-13 20:44:23,44.7228,17.3278,63.27,56,0,5.44
558,Maragogi,BR,2022-07-13 20:41:55,-9.0122,-35.2225,75.99,77,56,10.09
559,Girvan,GB,2022-07-13 20:44:23,55.2426,-4.8555,57.2,89,32,7.25
560,Lalmohan,BD,2022-07-13 20:44:24,22.3384,90.7419,83.75,82,79,18.99
561,Olafsvik,IS,2022-07-13 20:44:24,64.8945,-23.7142,49.17,80,100,11.65
562,Eydhafushi,MV,2022-07-13 20:44:24,5.1033,73.0708,82.22,76,63,14.09
563,Monterey,US,2022-07-13 20:44:25,36.2505,-121.2516,90.18,18,0,3.24
564,Santa Cruz De Tenerife,ES,2022-07-13 20:41:24,28.4682,-16.2546,72.91,78,20,18.41
565,Vila Franca Do Campo,PT,2022-07-13 20:44:25,37.7167,-25.4333,70.2,89,79,10.74
566,Dalbandin,PK,2022-07-13 20:44:25,28.8947,64.4101,90.48,18,0,6.93
567,Gladstone,AU,2022-07-13 20:44:26,-23.85,151.25,46.33,61,0,1.14
568,Nanga Eboko,CM,2022-07-13 20:44:26,4.6833,12.3667,68.86,99,100,4.52
569,Grindavik,IS,2022-07-13 20:44:27,63.8424,-22.4338,49.95,87,75,13.8
570,Tessalit,ML,2022-07-13 20:43:07,20.1986,1.0114,97.14,18,33,2.59
571,Laguna,US,2022-07-13 20:44:27,38.421,-121.4238,91.31,41,0,5.75
572,Kendari,ID,2022-07-13 20:44:27,-3.945,122.4989,73.36,90,97,2.62
573,Sarangani,PH,2022-07-13 20:44:28,5.4033,125.4636,79.18,84,100,4.61
574,Tadine,NC,2022-07-13 20:44:28,-21.55,167.8833,73.51,92,93,19.84
575,Iberia,US,2022-07-13 20:40:54,29.9502,-91.7507,93.27,58,40,9.22
576,Lodja,CD,2022-07-13 20:44:30,-3.4833,23.4333,77.09,39,77,2.39
577,Ruteng,ID,2022-07-13 20:44:30,-8.6136,120.4721,57.65,92,92,3.62
578,Warri,NG,2022-07-13 20:44:30,5.5167,5.75,74.3,94,99,3.8
579,Huntsville,US,2022-07-13 20:41:36,34.7304,-86.5861,84.36,69,40,3.44
580,Hospet,IN,2022-07-13 20:44:31,15.2667,76.4,72.43,87,100,24.45
581,Guasdualito,VE,2022-07-13 20:44:31,7.2424,-70.7324,87.76,62,40,3.44
